{"cameraMode":{"drawMode":0,"name":"Shaded","section":"Shading Mode"},"sceneLighting":false,"audioPlay":false,"sceneViewState":{"showFog":true,"showMaterialUpdate":false,"showSkybox":true,"showFlares":true,"showImageEffects":true,"showParticleSystems":true},"in2DMode":false,"pivot":{"x":1.9700000286102296,"y":0.0,"z":-1.2200000286102296},"rotation":{"x":0.12116816639900208,"y":0.8259403109550476,"z":-0.19425982236862184,"w":0.5151738524436951},"size":1.3830509185791016,"orthographic":false}